Cluster,total_sales_mean,total_volume_mean,areasqft_mean,maximum_ROI,Recommended_freezer,maximum_item_sales_ratio
0,15595404.451612903,72.85548387096775,6106.6,4873.5638911290325,CoolTech,0.6071290322580646
1,2014809.7142857143,10.7,939.7571428571429,1259.2560714285714,FreezeTech 3.0,0.428
2,5844294.759825327,54.81659388646288,4061.7379912663755,1948.098253275109,FreezeTech ,0.5481659388646288
3,6543024.166666667,68.62380952380951,2266.154761904762,2044.6950520833334,CoolTech,0.5718650793650792
4,12922715.766129032,82.69596774193548,4818.564516129032,3692.204504608295,IceBlast Pro,0.5513064516129031
5,3593086.121212121,11.04969696969697,4524.006060606061,2245.678825757576,FreezeTech 3.0,0.4419878787878788
