Cluster,total_sales_mean,total_volume_mean,areasqft_mean,maximum_ROI,Recommended_freezer,maximum_item_sales_ratio
0,3122961.234042553,10.945531914893618,3456.3574468085108,1951.8507712765959,FreezeTech 3.0,0.4378212765957447
1,5844294.759825327,54.81659388646288,4061.7379912663755,1948.098253275109,FreezeTech ,0.5481659388646288
2,6543024.166666667,68.62380952380951,2266.154761904762,2044.6950520833334,CoolTech,0.5718650793650792
3,15595404.451612903,72.85548387096775,6106.6,4873.5638911290325,CoolTech,0.6071290322580646
4,17540918.819444444,90.47083333333333,6554.840277777777,5011.691091269841,IceBlast Pro,0.6031388888888889
5,6528280.769230769,71.93076923076923,2414.4903846153848,2040.0877403846152,CoolTech,0.599423076923077
