Cluster,total_sales_mean,total_volume_mean,areasqft_mean,maximum_ROI,Recommended_freezer,maximum_item_sales_ratio
0,6543024.166666667,68.62380952380951,2266.154761904762,2044.6950520833334,CoolTech,0.5718650793650792
1,7589888.372093023,55.24031007751938,5225.6511627906975,2529.9627906976743,FreezeTech ,0.5524031007751938
2,3122961.234042553,10.945531914893618,3456.3574468085108,1951.8507712765959,FreezeTech 3.0,0.4378212765957447
3,3592479.0,54.27,2560.29,1197.493,FreezeTech ,0.5427000000000001
4,12922715.766129032,82.69596774193548,4818.564516129032,3692.204504608295,IceBlast Pro,0.5513064516129031
5,15595404.451612903,72.85548387096775,6106.6,4873.5638911290325,CoolTech,0.6071290322580646
