Cluster,total_sales_mean,total_volume_mean,areasqft_mode_mode,Cluster_count,product_name_ButterPecanSmallStick_max_sum,product_name_ChocolateFudgeBigScoop_max_sum,product_name_CookiesandCreamMegaTub_max_sum,product_name_MintBitesizePop_max_sum,product_name_MintChocolateChipFamilyPack_max_sum,product_name_MooseTracksJumboCup_max_sum,product_name_RockyRoadMegaTub_max_sum,product_name_StrawberryTinyCup_max_sum,product_name_VanillaMiniCone_max_sum,maximum_ROI,Recommended_freezer,maximum_item_sales_ratio,Freezer Name,Volume Capacity (Liters)
0,6528280.769230769,71.93076923076923,2410.0,104,104,104,104,104,104,104,104,104,104,2040.0877403846152,CoolTech,0.599423076923077,CoolTech,120
1,3593086.121212121,11.04969696969697,3886.0,165,165,0,0,165,0,0,0,165,165,2245.678825757576,FreezeTech 3.0,0.4419878787878788,FreezeTech 3.0,25
2,15595404.451612903,72.85548387096775,7931.0,155,155,155,155,155,155,155,155,155,155,4873.5638911290325,CoolTech,0.6071290322580646,CoolTech,120
3,3592479.0,54.27,1931.0,100,0,100,100,0,100,100,100,0,0,1197.493,FreezeTech ,0.5427000000000001,FreezeTech ,100
4,7589888.372093023,55.24031007751938,3127.0,129,0,129,129,0,129,129,129,0,0,2529.9627906976743,FreezeTech ,0.5524031007751938,FreezeTech ,100
5,17540918.819444444,90.47083333333333,7058.0,144,144,144,144,144,144,144,144,144,144,5011.691091269841,IceBlast Pro,0.6031388888888889,IceBlast Pro,150
6,2014809.7142857143,10.7,1721.0,70,70,0,0,70,0,0,0,70,70,1259.2560714285714,FreezeTech 3.0,0.428,FreezeTech 3.0,25
7,6543024.166666667,68.62380952380951,1761.0,84,84,84,84,84,84,84,84,84,84,2044.6950520833334,CoolTech,0.5718650793650792,CoolTech,120
