Cluster,total_sales_mean,total_volume_mean,areasqft_mean,maximum_ROI,Recommended_freezer,maximum_item_sales_ratio
0,6528280.769230769,71.93076923076923,2414.4903846153848,2040.0877403846152,CoolTech,0.599423076923077
1,3593086.121212121,11.04969696969697,4524.006060606061,2245.678825757576,FreezeTech 3.0,0.4419878787878788
2,15595404.451612903,72.85548387096775,6106.6,4873.5638911290325,CoolTech,0.6071290322580646
3,3592479.0,54.27,2560.29,1197.493,FreezeTech ,0.5427000000000001
4,7589888.372093023,55.24031007751938,5225.6511627906975,2529.9627906976743,FreezeTech ,0.5524031007751938
5,17540918.819444444,90.47083333333333,6554.840277777777,5011.691091269841,IceBlast Pro,0.6031388888888889
6,2014809.7142857143,10.7,939.7571428571429,1259.2560714285714,FreezeTech 3.0,0.428
7,6543024.166666667,68.62380952380951,2266.154761904762,2044.6950520833334,CoolTech,0.5718650793650792
